candidato,ubicacion,votos_actuales,votos_proyectados,actas_contabilizadas,participacion
JUNTOS POR EL PERÚ,010000,47716,49598,82.551,52.69
FUERZA POPULAR,010000,24818,25796,82.551,52.69
PARTIDO CÍVICO OBRAS,010000,14924,15512,82.551,52.69
AHORA NACIÓN - AN,010000,8689,9031,82.551,52.69
PARTIDO DEL BUEN GOBIERNO,010000,5374,5585,82.551,52.69
RENOVACIÓN POPULAR,010000,5396,5608,82.551,52.69
PARTIDO PAÍS PARA TODOS,010000,3594,3735,82.551,52.69
ALIANZA PARA EL PROGRESO,010000,2909,3023,82.551,52.69
PARTIDO DEMOCRÁTICO SOMOS PERÚ,010000,2991,3108,82.551,52.69
"PRIMERO LA GENTE – COMUNIDAD, ECOLOGÍA, LIBERTAD Y PROGRESO",010000,2404,2498,82.551,52.69
PODEMOS PERÚ,010000,3643,3786,82.551,52.69
PARTIDO SICREO,010000,2057,2138,82.551,52.69
ALIANZA ELECTORAL VENCEREMOS,010000,1607,1670,82.551,52.69
PARTIDO PATRIÓTICO DEL PERÚ,010000,1504,1563,82.551,52.69
PARTIDO POLÍTICO COOPERACIÓN POPULAR,010000,1168,1214,82.551,52.69
PARTIDO POLÍTICO NACIONAL PERÚ LIBRE,010000,1250,1299,82.551,52.69
PARTIDO FRENTE DE LA ESPERANZA 2021,010000,1146,1191,82.551,52.69
PARTIDO APRISTA PERUANO,010000,1072,1114,82.551,52.69
PARTIDO POLÍTICO PERÚ PRIMERO,010000,941,978,82.551,52.69
PARTIDO DEMÓCRATA UNIDO PERÚ,010000,755,784,82.551,52.69
UN CAMINO DIFERENTE,010000,530,550,82.551,52.69
PARTIDO DEMÓCRATA VERDE,010000,561,583,82.551,52.69
PARTIDO MORADO,010000,478,496,82.551,52.69
UNIDAD NACIONAL,010000,422,438,82.551,52.69
PARTIDO POLÍTICO INTEGRIDAD DEMOCRÁTICA,010000,330,343,82.551,52.69
PROGRESEMOS,010000,295,306,82.551,52.69
PARTIDO POLÍTICO PERÚ ACCIÓN,010000,285,296,82.551,52.69
AVANZA PAÍS - PARTIDO DE INTEGRACIÓN SOCIAL,010000,270,280,82.551,52.69
PARTIDO DEMOCRATICO FEDERAL,010000,253,262,82.551,52.69
FUERZA Y LIBERTAD,010000,184,191,82.551,52.69
SALVEMOS AL PERÚ,010000,212,220,82.551,52.69
FE EN EL PERÚ,010000,194,201,82.551,52.69
LIBERTAD POPULAR,010000,184,191,82.551,52.69
PARTIDO POLÍTICO PRIN,010000,140,145,82.551,52.69
PARTIDO DE LOS TRABAJADORES Y EMPRENDEDORES PTE - PERÚ,010000,87,90,82.551,52.69
PERÚ MODERNO,010000,54,56,82.551,52.69
JUNTOS POR EL PERÚ,020000,72572,73078,88.393,63.368
FUERZA POPULAR,020000,85640,86238,88.393,63.368
PARTIDO CÍVICO OBRAS,020000,48220,48556,88.393,63.368
AHORA NACIÓN - AN,020000,42599,42896,88.393,63.368
PARTIDO DEL BUEN GOBIERNO,020000,35235,35481,88.393,63.368
RENOVACIÓN POPULAR,020000,28575,28774,88.393,63.368
PARTIDO PAÍS PARA TODOS,020000,47479,47810,88.393,63.368
ALIANZA PARA EL PROGRESO,020000,8429,8487,88.393,63.368
PARTIDO DEMOCRÁTICO SOMOS PERÚ,020000,6595,6641,88.393,63.368
"PRIMERO LA GENTE – COMUNIDAD, ECOLOGÍA, LIBERTAD Y PROGRESO",020000,13640,13735,88.393,63.368
PODEMOS PERÚ,020000,15511,15619,88.393,63.368
PARTIDO SICREO,020000,13711,13806,88.393,63.368
ALIANZA ELECTORAL VENCEREMOS,020000,3840,3866,88.393,63.368
PARTIDO PATRIÓTICO DEL PERÚ,020000,4830,4863,88.393,63.368
PARTIDO POLÍTICO COOPERACIÓN POPULAR,020000,3432,3455,88.393,63.368
PARTIDO POLÍTICO NACIONAL PERÚ LIBRE,020000,2807,2826,88.393,63.368
PARTIDO FRENTE DE LA ESPERANZA 2021,020000,9317,9382,88.393,63.368
PARTIDO APRISTA PERUANO,020000,5528,5566,88.393,63.368
PARTIDO POLÍTICO PERÚ PRIMERO,020000,4999,5033,88.393,63.368
PARTIDO DEMÓCRATA UNIDO PERÚ,020000,3111,3132,88.393,63.368
UN CAMINO DIFERENTE,020000,3539,3563,88.393,63.368
PARTIDO DEMÓCRATA VERDE,020000,4162,4191,88.393,63.368
PARTIDO MORADO,020000,2184,2199,88.393,63.368
UNIDAD NACIONAL,020000,1196,1204,88.393,63.368
PARTIDO POLÍTICO INTEGRIDAD DEMOCRÁTICA,020000,1546,1556,88.393,63.368
PROGRESEMOS,020000,2423,2439,88.393,63.368
PARTIDO POLÍTICO PERÚ ACCIÓN,020000,1057,1064,88.393,63.368
AVANZA PAÍS - PARTIDO DE INTEGRACIÓN SOCIAL,020000,513,516,88.393,63.368
PARTIDO DEMOCRATICO FEDERAL,020000,781,786,88.393,63.368
FUERZA Y LIBERTAD,020000,735,740,88.393,63.368
SALVEMOS AL PERÚ,020000,754,759,88.393,63.368
FE EN EL PERÚ,020000,1047,1054,88.393,63.368
LIBERTAD POPULAR,020000,1476,1486,88.393,63.368
PARTIDO POLÍTICO PRIN,020000,387,389,88.393,63.368
PARTIDO DE LOS TRABAJADORES Y EMPRENDEDORES PTE - PERÚ,020000,340,342,88.393,63.368
PERÚ MODERNO,020000,297,299,88.393,63.368
JUNTOS POR EL PERÚ,030000,74605,72918,91.496,64.76
FUERZA POPULAR,030000,12805,12515,91.496,64.76
PARTIDO CÍVICO OBRAS,030000,26022,25433,91.496,64.76
AHORA NACIÓN - AN,030000,20014,19561,91.496,64.76
PARTIDO DEL BUEN GOBIERNO,030000,6898,6742,91.496,64.76
RENOVACIÓN POPULAR,030000,5890,5756,91.496,64.76
PARTIDO PAÍS PARA TODOS,030000,2712,2650,91.496,64.76
ALIANZA PARA EL PROGRESO,030000,814,795,91.496,64.76
PARTIDO DEMOCRÁTICO SOMOS PERÚ,030000,425,415,91.496,64.76
"PRIMERO LA GENTE – COMUNIDAD, ECOLOGÍA, LIBERTAD Y PROGRESO",030000,2106,2058,91.496,64.76
PODEMOS PERÚ,030000,2753,2690,91.496,64.76
PARTIDO SICREO,030000,3175,3103,91.496,64.76
ALIANZA ELECTORAL VENCEREMOS,030000,1826,1784,91.496,64.76
PARTIDO PATRIÓTICO DEL PERÚ,030000,1890,1847,91.496,64.76
PARTIDO POLÍTICO COOPERACIÓN POPULAR,030000,1299,1269,91.496,64.76
PARTIDO POLÍTICO NACIONAL PERÚ LIBRE,030000,1755,1715,91.496,64.76
PARTIDO FRENTE DE LA ESPERANZA 2021,030000,2385,2331,91.496,64.76
PARTIDO APRISTA PERUANO,030000,629,614,91.496,64.76
PARTIDO POLÍTICO PERÚ PRIMERO,030000,914,893,91.496,64.76
PARTIDO DEMÓCRATA UNIDO PERÚ,030000,8003,7822,91.496,64.76
UN CAMINO DIFERENTE,030000,213,208,91.496,64.76
PARTIDO DEMÓCRATA VERDE,030000,873,853,91.496,64.76
PARTIDO MORADO,030000,616,602,91.496,64.76
UNIDAD NACIONAL,030000,167,163,91.496,64.76
PARTIDO POLÍTICO INTEGRIDAD DEMOCRÁTICA,030000,294,287,91.496,64.76
PROGRESEMOS,030000,1754,1714,91.496,64.76
PARTIDO POLÍTICO PERÚ ACCIÓN,030000,388,379,91.496,64.76
AVANZA PAÍS - PARTIDO DE INTEGRACIÓN SOCIAL,030000,146,142,91.496,64.76
PARTIDO DEMOCRATICO FEDERAL,030000,297,290,91.496,64.76
FUERZA Y LIBERTAD,030000,227,221,91.496,64.76
SALVEMOS AL PERÚ,030000,557,544,91.496,64.76
FE EN EL PERÚ,030000,339,331,91.496,64.76
LIBERTAD POPULAR,030000,916,895,91.496,64.76
PARTIDO POLÍTICO PRIN,030000,170,166,91.496,64.76
PARTIDO DE LOS TRABAJADORES Y EMPRENDEDORES PTE - PERÚ,030000,100,97,91.496,64.76
PERÚ MODERNO,030000,46,44,91.496,64.76
JUNTOS POR EL PERÚ,040000,85097,82750,96.014,77.889
FUERZA POPULAR,040000,61941,60233,96.014,77.889
PARTIDO CÍVICO OBRAS,040000,92257,89713,96.014,77.889
AHORA NACIÓN - AN,040000,78673,76503,96.014,77.889
PARTIDO DEL BUEN GOBIERNO,040000,157720,153371,96.014,77.889
RENOVACIÓN POPULAR,040000,90389,87896,96.014,77.889
PARTIDO PAÍS PARA TODOS,040000,70384,68443,96.014,77.889
ALIANZA PARA EL PROGRESO,040000,3540,3442,96.014,77.889
PARTIDO DEMOCRÁTICO SOMOS PERÚ,040000,3486,3389,96.014,77.889
"PRIMERO LA GENTE – COMUNIDAD, ECOLOGÍA, LIBERTAD Y PROGRESO",040000,38710,37642,96.014,77.889
PODEMOS PERÚ,040000,8332,8102,96.014,77.889
PARTIDO SICREO,040000,39175,38094,96.014,77.889
ALIANZA ELECTORAL VENCEREMOS,040000,8186,7960,96.014,77.889
PARTIDO PATRIÓTICO DEL PERÚ,040000,7496,7289,96.014,77.889
PARTIDO POLÍTICO COOPERACIÓN POPULAR,040000,19426,18890,96.014,77.889
PARTIDO POLÍTICO NACIONAL PERÚ LIBRE,040000,5025,4886,96.014,77.889
PARTIDO FRENTE DE LA ESPERANZA 2021,040000,27637,26874,96.014,77.889
PARTIDO APRISTA PERUANO,040000,4769,4637,96.014,77.889
PARTIDO POLÍTICO PERÚ PRIMERO,040000,6886,6696,96.014,77.889
PARTIDO DEMÓCRATA UNIDO PERÚ,040000,7687,7475,96.014,77.889
UN CAMINO DIFERENTE,040000,1714,1666,96.014,77.889
PARTIDO DEMÓCRATA VERDE,040000,2840,2761,96.014,77.889
PARTIDO MORADO,040000,4954,4817,96.014,77.889
UNIDAD NACIONAL,040000,2649,2575,96.014,77.889
PARTIDO POLÍTICO INTEGRIDAD DEMOCRÁTICA,040000,3065,2980,96.014,77.889
PROGRESEMOS,040000,3355,3262,96.014,77.889
PARTIDO POLÍTICO PERÚ ACCIÓN,040000,1670,1623,96.014,77.889
AVANZA PAÍS - PARTIDO DE INTEGRACIÓN SOCIAL,040000,926,900,96.014,77.889
PARTIDO DEMOCRATICO FEDERAL,040000,1571,1527,96.014,77.889
FUERZA Y LIBERTAD,040000,1420,1380,96.014,77.889
SALVEMOS AL PERÚ,040000,813,790,96.014,77.889
FE EN EL PERÚ,040000,1125,1093,96.014,77.889
LIBERTAD POPULAR,040000,1541,1498,96.014,77.889
PARTIDO POLÍTICO PRIN,040000,550,534,96.014,77.889
PARTIDO DE LOS TRABAJADORES Y EMPRENDEDORES PTE - PERÚ,040000,621,603,96.014,77.889
PERÚ MODERNO,040000,624,606,96.014,77.889
JUNTOS POR EL PERÚ,050000,83221,78920,94.211,64.477
FUERZA POPULAR,050000,21700,20578,94.211,64.477
PARTIDO CÍVICO OBRAS,050000,38693,36693,94.211,64.477
AHORA NACIÓN - AN,050000,38989,36974,94.211,64.477
PARTIDO DEL BUEN GOBIERNO,050000,14968,14194,94.211,64.477
RENOVACIÓN POPULAR,050000,7369,6988,94.211,64.477
PARTIDO PAÍS PARA TODOS,050000,6223,5901,94.211,64.477
ALIANZA PARA EL PROGRESO,050000,1922,1822,94.211,64.477
PARTIDO DEMOCRÁTICO SOMOS PERÚ,050000,1495,1417,94.211,64.477
"PRIMERO LA GENTE – COMUNIDAD, ECOLOGÍA, LIBERTAD Y PROGRESO",050000,4956,4699,94.211,64.477
PODEMOS PERÚ,050000,6309,5983,94.211,64.477
PARTIDO SICREO,050000,5540,5253,94.211,64.477
ALIANZA ELECTORAL VENCEREMOS,050000,3516,3334,94.211,64.477
PARTIDO PATRIÓTICO DEL PERÚ,050000,2737,2595,94.211,64.477
PARTIDO POLÍTICO COOPERACIÓN POPULAR,050000,3210,3044,94.211,64.477
PARTIDO POLÍTICO NACIONAL PERÚ LIBRE,050000,3165,3001,94.211,64.477
PARTIDO FRENTE DE LA ESPERANZA 2021,050000,6057,5744,94.211,64.477
PARTIDO APRISTA PERUANO,050000,948,899,94.211,64.477
PARTIDO POLÍTICO PERÚ PRIMERO,050000,2500,2370,94.211,64.477
PARTIDO DEMÓCRATA UNIDO PERÚ,050000,4447,4217,94.211,64.477
UN CAMINO DIFERENTE,050000,455,431,94.211,64.477
PARTIDO DEMÓCRATA VERDE,050000,1539,1459,94.211,64.477
PARTIDO MORADO,050000,837,793,94.211,64.477
UNIDAD NACIONAL,050000,364,345,94.211,64.477
PARTIDO POLÍTICO INTEGRIDAD DEMOCRÁTICA,050000,486,460,94.211,64.477
PROGRESEMOS,050000,1125,1066,94.211,64.477
PARTIDO POLÍTICO PERÚ ACCIÓN,050000,578,548,94.211,64.477
AVANZA PAÍS - PARTIDO DE INTEGRACIÓN SOCIAL,050000,178,168,94.211,64.477
PARTIDO DEMOCRATICO FEDERAL,050000,433,410,94.211,64.477
FUERZA Y LIBERTAD,050000,404,383,94.211,64.477
SALVEMOS AL PERÚ,050000,557,528,94.211,64.477
FE EN EL PERÚ,050000,507,480,94.211,64.477
LIBERTAD POPULAR,050000,1645,1560,94.211,64.477
PARTIDO POLÍTICO PRIN,050000,157,148,94.211,64.477
PARTIDO DE LOS TRABAJADORES Y EMPRENDEDORES PTE - PERÚ,050000,219,207,94.211,64.477
PERÚ MODERNO,050000,168,159,94.211,64.477
JUNTOS POR EL PERÚ,060000,231377,240526,84.363,58.997
FUERZA POPULAR,060000,76260,79275,84.363,58.997
PARTIDO CÍVICO OBRAS,060000,61582,64017,84.363,58.997
AHORA NACIÓN - AN,060000,25362,26364,84.363,58.997
PARTIDO DEL BUEN GOBIERNO,060000,26388,27431,84.363,58.997
RENOVACIÓN POPULAR,060000,18608,19343,84.363,58.997
PARTIDO PAÍS PARA TODOS,060000,17477,18168,84.363,58.997
ALIANZA PARA EL PROGRESO,060000,9185,9548,84.363,58.997
PARTIDO DEMOCRÁTICO SOMOS PERÚ,060000,6062,6301,84.363,58.997
"PRIMERO LA GENTE – COMUNIDAD, ECOLOGÍA, LIBERTAD Y PROGRESO",060000,9959,10352,84.363,58.997
PODEMOS PERÚ,060000,11924,12395,84.363,58.997
PARTIDO SICREO,060000,10121,10521,84.363,58.997
ALIANZA ELECTORAL VENCEREMOS,060000,3510,3648,84.363,58.997
PARTIDO PATRIÓTICO DEL PERÚ,060000,4646,4829,84.363,58.997
PARTIDO POLÍTICO COOPERACIÓN POPULAR,060000,2789,2899,84.363,58.997
PARTIDO POLÍTICO NACIONAL PERÚ LIBRE,060000,4726,4912,84.363,58.997
PARTIDO FRENTE DE LA ESPERANZA 2021,060000,5642,5865,84.363,58.997
PARTIDO APRISTA PERUANO,060000,3569,3710,84.363,58.997
PARTIDO POLÍTICO PERÚ PRIMERO,060000,5188,5393,84.363,58.997
PARTIDO DEMÓCRATA UNIDO PERÚ,060000,2201,2288,84.363,58.997
UN CAMINO DIFERENTE,060000,2605,2708,84.363,58.997
PARTIDO DEMÓCRATA VERDE,060000,2241,2329,84.363,58.997
PARTIDO MORADO,060000,4065,4225,84.363,58.997
UNIDAD NACIONAL,060000,1426,1482,84.363,58.997
PARTIDO POLÍTICO INTEGRIDAD DEMOCRÁTICA,060000,1328,1380,84.363,58.997
PROGRESEMOS,060000,1127,1171,84.363,58.997
PARTIDO POLÍTICO PERÚ ACCIÓN,060000,967,1005,84.363,58.997
AVANZA PAÍS - PARTIDO DE INTEGRACIÓN SOCIAL,060000,863,897,84.363,58.997
PARTIDO DEMOCRATICO FEDERAL,060000,915,951,84.363,58.997
FUERZA Y LIBERTAD,060000,480,498,84.363,58.997
SALVEMOS AL PERÚ,060000,1075,1117,84.363,58.997
FE EN EL PERÚ,060000,773,803,84.363,58.997
LIBERTAD POPULAR,060000,2069,2150,84.363,58.997
PARTIDO POLÍTICO PRIN,060000,381,396,84.363,58.997
PARTIDO DE LOS TRABAJADORES Y EMPRENDEDORES PTE - PERÚ,060000,427,443,84.363,58.997
PERÚ MODERNO,060000,359,373,84.363,58.997
JUNTOS POR EL PERÚ,070000,141194,140195,91.162,68.392
FUERZA POPULAR,070000,38793,38518,91.162,68.392
PARTIDO CÍVICO OBRAS,070000,99351,98648,91.162,68.392
AHORA NACIÓN - AN,070000,95660,94983,91.162,68.392
PARTIDO DEL BUEN GOBIERNO,070000,59163,58744,91.162,68.392
RENOVACIÓN POPULAR,070000,31378,31156,91.162,68.392
PARTIDO PAÍS PARA TODOS,070000,19057,18922,91.162,68.392
ALIANZA PARA EL PROGRESO,070000,3456,3431,91.162,68.392
PARTIDO DEMOCRÁTICO SOMOS PERÚ,070000,3801,3774,91.162,68.392
"PRIMERO LA GENTE – COMUNIDAD, ECOLOGÍA, LIBERTAD Y PROGRESO",070000,19931,19790,91.162,68.392
PODEMOS PERÚ,070000,7946,7889,91.162,68.392
PARTIDO SICREO,070000,19207,19071,91.162,68.392
ALIANZA ELECTORAL VENCEREMOS,070000,12629,12539,91.162,68.392
PARTIDO PATRIÓTICO DEL PERÚ,070000,8765,8703,91.162,68.392
PARTIDO POLÍTICO COOPERACIÓN POPULAR,070000,16092,15978,91.162,68.392
PARTIDO POLÍTICO NACIONAL PERÚ LIBRE,070000,5864,5822,91.162,68.392
PARTIDO FRENTE DE LA ESPERANZA 2021,070000,19996,19854,91.162,68.392
PARTIDO APRISTA PERUANO,070000,4857,4822,91.162,68.392
PARTIDO POLÍTICO PERÚ PRIMERO,070000,4831,4796,91.162,68.392
PARTIDO DEMÓCRATA UNIDO PERÚ,070000,4707,4673,91.162,68.392
UN CAMINO DIFERENTE,070000,953,946,91.162,68.392
PARTIDO DEMÓCRATA VERDE,070000,3068,3046,91.162,68.392
PARTIDO MORADO,070000,3289,3265,91.162,68.392
UNIDAD NACIONAL,070000,1141,1132,91.162,68.392
PARTIDO POLÍTICO INTEGRIDAD DEMOCRÁTICA,070000,1389,1379,91.162,68.392
PROGRESEMOS,070000,3674,3648,91.162,68.392
PARTIDO POLÍTICO PERÚ ACCIÓN,070000,1506,1495,91.162,68.392
AVANZA PAÍS - PARTIDO DE INTEGRACIÓN SOCIAL,070000,682,677,91.162,68.392
PARTIDO DEMOCRATICO FEDERAL,070000,1028,1020,91.162,68.392
FUERZA Y LIBERTAD,070000,980,973,91.162,68.392
SALVEMOS AL PERÚ,070000,1221,1212,91.162,68.392
FE EN EL PERÚ,070000,1157,1148,91.162,68.392
LIBERTAD POPULAR,070000,1892,1878,91.162,68.392
PARTIDO POLÍTICO PRIN,070000,1519,1508,91.162,68.392
PARTIDO DE LOS TRABAJADORES Y EMPRENDEDORES PTE - PERÚ,070000,482,478,91.162,68.392
PERÚ MODERNO,070000,346,343,91.162,68.392
JUNTOS POR EL PERÚ,080000,71344,66372,94.894,60.939
FUERZA POPULAR,080000,11617,10807,94.894,60.939
PARTIDO CÍVICO OBRAS,080000,22260,20708,94.894,60.939
AHORA NACIÓN - AN,080000,15231,14169,94.894,60.939
PARTIDO DEL BUEN GOBIERNO,080000,5334,4962,94.894,60.939
RENOVACIÓN POPULAR,080000,3862,3592,94.894,60.939
PARTIDO PAÍS PARA TODOS,080000,2824,2627,94.894,60.939
ALIANZA PARA EL PROGRESO,080000,1299,1208,94.894,60.939
PARTIDO DEMOCRÁTICO SOMOS PERÚ,080000,391,363,94.894,60.939
"PRIMERO LA GENTE – COMUNIDAD, ECOLOGÍA, LIBERTAD Y PROGRESO",080000,1727,1606,94.894,60.939
PODEMOS PERÚ,080000,5548,5161,94.894,60.939
PARTIDO SICREO,080000,2521,2345,94.894,60.939
ALIANZA ELECTORAL VENCEREMOS,080000,1661,1545,94.894,60.939
PARTIDO PATRIÓTICO DEL PERÚ,080000,1480,1376,94.894,60.939
PARTIDO POLÍTICO COOPERACIÓN POPULAR,080000,2559,2380,94.894,60.939
PARTIDO POLÍTICO NACIONAL PERÚ LIBRE,080000,2304,2143,94.894,60.939
PARTIDO FRENTE DE LA ESPERANZA 2021,080000,2301,2140,94.894,60.939
PARTIDO APRISTA PERUANO,080000,371,345,94.894,60.939
PARTIDO POLÍTICO PERÚ PRIMERO,080000,1197,1113,94.894,60.939
PARTIDO DEMÓCRATA UNIDO PERÚ,080000,3534,3287,94.894,60.939
UN CAMINO DIFERENTE,080000,193,179,94.894,60.939
PARTIDO DEMÓCRATA VERDE,080000,840,781,94.894,60.939
PARTIDO MORADO,080000,374,347,94.894,60.939
UNIDAD NACIONAL,080000,175,162,94.894,60.939
PARTIDO POLÍTICO INTEGRIDAD DEMOCRÁTICA,080000,246,228,94.894,60.939
PROGRESEMOS,080000,1149,1068,94.894,60.939
PARTIDO POLÍTICO PERÚ ACCIÓN,080000,390,362,94.894,60.939
AVANZA PAÍS - PARTIDO DE INTEGRACIÓN SOCIAL,080000,103,95,94.894,60.939
PARTIDO DEMOCRATICO FEDERAL,080000,222,206,94.894,60.939
FUERZA Y LIBERTAD,080000,312,290,94.894,60.939
SALVEMOS AL PERÚ,080000,294,273,94.894,60.939
FE EN EL PERÚ,080000,323,300,94.894,60.939
LIBERTAD POPULAR,080000,176,163,94.894,60.939
PARTIDO POLÍTICO PRIN,080000,132,122,94.894,60.939
PARTIDO DE LOS TRABAJADORES Y EMPRENDEDORES PTE - PERÚ,080000,105,97,94.894,60.939
PERÚ MODERNO,080000,63,58,94.894,60.939
JUNTOS POR EL PERÚ,090000,89492,89270,88.082,59.548
FUERZA POPULAR,090000,46985,46868,88.082,59.548
PARTIDO CÍVICO OBRAS,090000,43495,43387,88.082,59.548
AHORA NACIÓN - AN,090000,18292,18246,88.082,59.548
PARTIDO DEL BUEN GOBIERNO,090000,14555,14519,88.082,59.548
RENOVACIÓN POPULAR,090000,18358,18312,88.082,59.548
PARTIDO PAÍS PARA TODOS,090000,17193,17150,88.082,59.548
ALIANZA PARA EL PROGRESO,090000,2041,2035,88.082,59.548
PARTIDO DEMOCRÁTICO SOMOS PERÚ,090000,2614,2607,88.082,59.548
"PRIMERO LA GENTE – COMUNIDAD, ECOLOGÍA, LIBERTAD Y PROGRESO",090000,5511,5497,88.082,59.548
PODEMOS PERÚ,090000,6172,6156,88.082,59.548
PARTIDO SICREO,090000,7057,7039,88.082,59.548
ALIANZA ELECTORAL VENCEREMOS,090000,2757,2750,88.082,59.548
PARTIDO PATRIÓTICO DEL PERÚ,090000,3244,3235,88.082,59.548
PARTIDO POLÍTICO COOPERACIÓN POPULAR,090000,1695,1690,88.082,59.548
PARTIDO POLÍTICO NACIONAL PERÚ LIBRE,090000,2419,2413,88.082,59.548
PARTIDO FRENTE DE LA ESPERANZA 2021,090000,4828,4816,88.082,59.548
PARTIDO APRISTA PERUANO,090000,1574,1570,88.082,59.548
PARTIDO POLÍTICO PERÚ PRIMERO,090000,3553,3544,88.082,59.548
PARTIDO DEMÓCRATA UNIDO PERÚ,090000,2608,2601,88.082,59.548
UN CAMINO DIFERENTE,090000,754,752,88.082,59.548
PARTIDO DEMÓCRATA VERDE,090000,1584,1580,88.082,59.548
PARTIDO MORADO,090000,873,870,88.082,59.548
UNIDAD NACIONAL,090000,717,715,88.082,59.548
PARTIDO POLÍTICO INTEGRIDAD DEMOCRÁTICA,090000,948,945,88.082,59.548
PROGRESEMOS,090000,1049,1046,88.082,59.548
PARTIDO POLÍTICO PERÚ ACCIÓN,090000,601,599,88.082,59.548
AVANZA PAÍS - PARTIDO DE INTEGRACIÓN SOCIAL,090000,441,439,88.082,59.548
PARTIDO DEMOCRATICO FEDERAL,090000,509,507,88.082,59.548
FUERZA Y LIBERTAD,090000,403,402,88.082,59.548
SALVEMOS AL PERÚ,090000,480,478,88.082,59.548
FE EN EL PERÚ,090000,910,907,88.082,59.548
LIBERTAD POPULAR,090000,966,963,88.082,59.548
PARTIDO POLÍTICO PRIN,090000,211,210,88.082,59.548
PARTIDO DE LOS TRABAJADORES Y EMPRENDEDORES PTE - PERÚ,090000,249,248,88.082,59.548
PERÚ MODERNO,090000,236,235,88.082,59.548
JUNTOS POR EL PERÚ,100000,26374,32022,72.288,59.234
FUERZA POPULAR,100000,70699,85840,72.288,59.234
PARTIDO CÍVICO OBRAS,100000,36372,44161,72.288,59.234
AHORA NACIÓN - AN,100000,23657,28723,72.288,59.234
PARTIDO DEL BUEN GOBIERNO,100000,35612,43239,72.288,59.234
RENOVACIÓN POPULAR,100000,34796,42248,72.288,59.234
PARTIDO PAÍS PARA TODOS,100000,41139,49949,72.288,59.234
ALIANZA PARA EL PROGRESO,100000,3779,4588,72.288,59.234
PARTIDO DEMOCRÁTICO SOMOS PERÚ,100000,5747,6977,72.288,59.234
"PRIMERO LA GENTE – COMUNIDAD, ECOLOGÍA, LIBERTAD Y PROGRESO",100000,12425,15086,72.288,59.234
PODEMOS PERÚ,100000,8154,9900,72.288,59.234
PARTIDO SICREO,100000,13445,16324,72.288,59.234
ALIANZA ELECTORAL VENCEREMOS,100000,2160,2622,72.288,59.234
PARTIDO PATRIÓTICO DEL PERÚ,100000,2901,3522,72.288,59.234
PARTIDO POLÍTICO COOPERACIÓN POPULAR,100000,2845,3454,72.288,59.234
PARTIDO POLÍTICO NACIONAL PERÚ LIBRE,100000,1785,2167,72.288,59.234
PARTIDO FRENTE DE LA ESPERANZA 2021,100000,6540,7940,72.288,59.234
PARTIDO APRISTA PERUANO,100000,3819,4636,72.288,59.234
PARTIDO POLÍTICO PERÚ PRIMERO,100000,2993,3634,72.288,59.234
PARTIDO DEMÓCRATA UNIDO PERÚ,100000,1880,2282,72.288,59.234
UN CAMINO DIFERENTE,100000,1024,1243,72.288,59.234
PARTIDO DEMÓCRATA VERDE,100000,1444,1753,72.288,59.234
PARTIDO MORADO,100000,1657,2011,72.288,59.234
UNIDAD NACIONAL,100000,1290,1566,72.288,59.234
PARTIDO POLÍTICO INTEGRIDAD DEMOCRÁTICA,100000,1631,1980,72.288,59.234
PROGRESEMOS,100000,2445,2968,72.288,59.234
PARTIDO POLÍTICO PERÚ ACCIÓN,100000,861,1045,72.288,59.234
AVANZA PAÍS - PARTIDO DE INTEGRACIÓN SOCIAL,100000,738,896,72.288,59.234
PARTIDO DEMOCRATICO FEDERAL,100000,446,541,72.288,59.234
FUERZA Y LIBERTAD,100000,635,771,72.288,59.234
SALVEMOS AL PERÚ,100000,342,415,72.288,59.234
FE EN EL PERÚ,100000,307,372,72.288,59.234
LIBERTAD POPULAR,100000,794,964,72.288,59.234
PARTIDO POLÍTICO PRIN,100000,292,354,72.288,59.234
PARTIDO DE LOS TRABAJADORES Y EMPRENDEDORES PTE - PERÚ,100000,233,282,72.288,59.234
PERÚ MODERNO,100000,193,234,72.288,59.234
JUNTOS POR EL PERÚ,110000,74049,71035,94.988,70.409
FUERZA POPULAR,110000,103025,98832,94.988,70.409
PARTIDO CÍVICO OBRAS,110000,67563,64813,94.988,70.409
AHORA NACIÓN - AN,110000,67173,64439,94.988,70.409
PARTIDO DEL BUEN GOBIERNO,110000,48767,46782,94.988,70.409
RENOVACIÓN POPULAR,110000,46212,44331,94.988,70.409
PARTIDO PAÍS PARA TODOS,110000,43969,42179,94.988,70.409
ALIANZA PARA EL PROGRESO,110000,5337,5119,94.988,70.409
PARTIDO DEMOCRÁTICO SOMOS PERÚ,110000,2780,2666,94.988,70.409
"PRIMERO LA GENTE – COMUNIDAD, ECOLOGÍA, LIBERTAD Y PROGRESO",110000,16500,15828,94.988,70.409
PODEMOS PERÚ,110000,15741,15100,94.988,70.409
PARTIDO SICREO,110000,23599,22638,94.988,70.409
ALIANZA ELECTORAL VENCEREMOS,110000,4425,4244,94.988,70.409
PARTIDO PATRIÓTICO DEL PERÚ,110000,8049,7721,94.988,70.409
PARTIDO POLÍTICO COOPERACIÓN POPULAR,110000,7934,7611,94.988,70.409
PARTIDO POLÍTICO NACIONAL PERÚ LIBRE,110000,13400,12854,94.988,70.409
PARTIDO FRENTE DE LA ESPERANZA 2021,110000,15532,14899,94.988,70.409
PARTIDO APRISTA PERUANO,110000,3097,2970,94.988,70.409
PARTIDO POLÍTICO PERÚ PRIMERO,110000,5262,5047,94.988,70.409
PARTIDO DEMÓCRATA UNIDO PERÚ,110000,7219,6925,94.988,70.409
UN CAMINO DIFERENTE,110000,1415,1357,94.988,70.409
PARTIDO DEMÓCRATA VERDE,110000,3052,2927,94.988,70.409
PARTIDO MORADO,110000,3392,3253,94.988,70.409
UNIDAD NACIONAL,110000,1657,1589,94.988,70.409
PARTIDO POLÍTICO INTEGRIDAD DEMOCRÁTICA,110000,2212,2121,94.988,70.409
PROGRESEMOS,110000,2918,2799,94.988,70.409
PARTIDO POLÍTICO PERÚ ACCIÓN,110000,1601,1535,94.988,70.409
AVANZA PAÍS - PARTIDO DE INTEGRACIÓN SOCIAL,110000,924,886,94.988,70.409
PARTIDO DEMOCRATICO FEDERAL,110000,793,760,94.988,70.409
FUERZA Y LIBERTAD,110000,4553,4367,94.988,70.409
SALVEMOS AL PERÚ,110000,1007,966,94.988,70.409
FE EN EL PERÚ,110000,1069,1025,94.988,70.409
LIBERTAD POPULAR,110000,1235,1184,94.988,70.409
PARTIDO POLÍTICO PRIN,110000,412,395,94.988,70.409
PARTIDO DE LOS TRABAJADORES Y EMPRENDEDORES PTE - PERÚ,110000,732,702,94.988,70.409
PERÚ MODERNO,110000,332,318,94.988,70.409
JUNTOS POR EL PERÚ,120000,80373,80390,90.287,67.688
FUERZA POPULAR,120000,170021,170057,90.287,67.688
PARTIDO CÍVICO OBRAS,120000,59653,59665,90.287,67.688
AHORA NACIÓN - AN,120000,34454,34461,90.287,67.688
PARTIDO DEL BUEN GOBIERNO,120000,82955,82972,90.287,67.688
RENOVACIÓN POPULAR,120000,69920,69935,90.287,67.688
PARTIDO PAÍS PARA TODOS,120000,66553,66567,90.287,67.688
ALIANZA PARA EL PROGRESO,120000,29322,29328,90.287,67.688
PARTIDO DEMOCRÁTICO SOMOS PERÚ,120000,4946,4947,90.287,67.688
"PRIMERO LA GENTE – COMUNIDAD, ECOLOGÍA, LIBERTAD Y PROGRESO",120000,27097,27102,90.287,67.688
PODEMOS PERÚ,120000,18892,18896,90.287,67.688
PARTIDO SICREO,120000,31414,31420,90.287,67.688
ALIANZA ELECTORAL VENCEREMOS,120000,4315,4315,90.287,67.688
PARTIDO PATRIÓTICO DEL PERÚ,120000,7429,7430,90.287,67.688
PARTIDO POLÍTICO COOPERACIÓN POPULAR,120000,2796,2796,90.287,67.688
PARTIDO POLÍTICO NACIONAL PERÚ LIBRE,120000,4314,4314,90.287,67.688
PARTIDO FRENTE DE LA ESPERANZA 2021,120000,12726,12728,90.287,67.688
PARTIDO APRISTA PERUANO,120000,24784,24789,90.287,67.688
PARTIDO POLÍTICO PERÚ PRIMERO,120000,6247,6248,90.287,67.688
PARTIDO DEMÓCRATA UNIDO PERÚ,120000,3701,3701,90.287,67.688
UN CAMINO DIFERENTE,120000,74098,74113,90.287,67.688
PARTIDO DEMÓCRATA VERDE,120000,2614,2614,90.287,67.688
PARTIDO MORADO,120000,3518,3518,90.287,67.688
UNIDAD NACIONAL,120000,2406,2406,90.287,67.688
PARTIDO POLÍTICO INTEGRIDAD DEMOCRÁTICA,120000,3287,3287,90.287,67.688
PROGRESEMOS,120000,2274,2274,90.287,67.688
PARTIDO POLÍTICO PERÚ ACCIÓN,120000,1609,1609,90.287,67.688
AVANZA PAÍS - PARTIDO DE INTEGRACIÓN SOCIAL,120000,2072,2072,90.287,67.688
PARTIDO DEMOCRATICO FEDERAL,120000,951,951,90.287,67.688
FUERZA Y LIBERTAD,120000,1139,1139,90.287,67.688
SALVEMOS AL PERÚ,120000,632,632,90.287,67.688
FE EN EL PERÚ,120000,1174,1174,90.287,67.688
LIBERTAD POPULAR,120000,1659,1659,90.287,67.688
PARTIDO POLÍTICO PRIN,120000,898,898,90.287,67.688
PARTIDO DE LOS TRABAJADORES Y EMPRENDEDORES PTE - PERÚ,120000,463,463,90.287,67.688
PERÚ MODERNO,120000,350,350,90.287,67.688
JUNTOS POR EL PERÚ,130000,67678,65550,95.237,74.145
FUERZA POPULAR,130000,168168,162882,95.237,74.145
PARTIDO CÍVICO OBRAS,130000,47735,46234,95.237,74.145
AHORA NACIÓN - AN,130000,28491,27595,95.237,74.145
PARTIDO DEL BUEN GOBIERNO,130000,65964,63890,95.237,74.145
RENOVACIÓN POPULAR,130000,54705,52985,95.237,74.145
PARTIDO PAÍS PARA TODOS,130000,59146,57286,95.237,74.145
ALIANZA PARA EL PROGRESO,130000,13872,13435,95.237,74.145
PARTIDO DEMOCRÁTICO SOMOS PERÚ,130000,6458,6255,95.237,74.145
"PRIMERO LA GENTE – COMUNIDAD, ECOLOGÍA, LIBERTAD Y PROGRESO",130000,19892,19266,95.237,74.145
PODEMOS PERÚ,130000,9071,8785,95.237,74.145
PARTIDO SICREO,130000,19343,18735,95.237,74.145
ALIANZA ELECTORAL VENCEREMOS,130000,3222,3120,95.237,74.145
PARTIDO PATRIÓTICO DEL PERÚ,130000,6390,6189,95.237,74.145
PARTIDO POLÍTICO COOPERACIÓN POPULAR,130000,3685,3569,95.237,74.145
PARTIDO POLÍTICO NACIONAL PERÚ LIBRE,130000,2989,2895,95.237,74.145
PARTIDO FRENTE DE LA ESPERANZA 2021,130000,9784,9476,95.237,74.145
PARTIDO APRISTA PERUANO,130000,14729,14266,95.237,74.145
PARTIDO POLÍTICO PERÚ PRIMERO,130000,8878,8598,95.237,74.145
PARTIDO DEMÓCRATA UNIDO PERÚ,130000,1877,1818,95.237,74.145
UN CAMINO DIFERENTE,130000,3320,3215,95.237,74.145
PARTIDO DEMÓCRATA VERDE,130000,2074,2008,95.237,74.145
PARTIDO MORADO,130000,3796,3676,95.237,74.145
UNIDAD NACIONAL,130000,3005,2910,95.237,74.145
PARTIDO POLÍTICO INTEGRIDAD DEMOCRÁTICA,130000,2961,2867,95.237,74.145
PROGRESEMOS,130000,1458,1412,95.237,74.145
PARTIDO POLÍTICO PERÚ ACCIÓN,130000,1075,1041,95.237,74.145
AVANZA PAÍS - PARTIDO DE INTEGRACIÓN SOCIAL,130000,1582,1532,95.237,74.145
PARTIDO DEMOCRATICO FEDERAL,130000,906,877,95.237,74.145
FUERZA Y LIBERTAD,130000,719,696,95.237,74.145
SALVEMOS AL PERÚ,130000,605,585,95.237,74.145
FE EN EL PERÚ,130000,771,746,95.237,74.145
LIBERTAD POPULAR,130000,1152,1115,95.237,74.145
PARTIDO POLÍTICO PRIN,130000,340,329,95.237,74.145
PARTIDO DE LOS TRABAJADORES Y EMPRENDEDORES PTE - PERÚ,130000,385,372,95.237,74.145
PERÚ MODERNO,130000,459,444,95.237,74.145
JUNTOS POR EL PERÚ,140000,184481,183693,92.574,73.93
FUERZA POPULAR,140000,1007128,1002830,92.574,73.93
PARTIDO CÍVICO OBRAS,140000,514994,512796,92.574,73.93
AHORA NACIÓN - AN,140000,386949,385297,92.574,73.93
PARTIDO DEL BUEN GOBIERNO,140000,851345,847712,92.574,73.93
RENOVACIÓN POPULAR,140000,1127310,1122499,92.574,73.93
PARTIDO PAÍS PARA TODOS,140000,502693,500548,92.574,73.93
ALIANZA PARA EL PROGRESO,140000,29007,28883,92.574,73.93
PARTIDO DEMOCRÁTICO SOMOS PERÚ,140000,41217,41041,92.574,73.93
"PRIMERO LA GENTE – COMUNIDAD, ECOLOGÍA, LIBERTAD Y PROGRESO",140000,241072,240043,92.574,73.93
PODEMOS PERÚ,140000,54688,54454,92.574,73.93
PARTIDO SICREO,140000,222117,221169,92.574,73.93
ALIANZA ELECTORAL VENCEREMOS,140000,21744,21651,92.574,73.93
PARTIDO PATRIÓTICO DEL PERÚ,140000,35928,35774,92.574,73.93
PARTIDO POLÍTICO COOPERACIÓN POPULAR,140000,29638,29511,92.574,73.93
PARTIDO POLÍTICO NACIONAL PERÚ LIBRE,140000,16308,16238,92.574,73.93
PARTIDO FRENTE DE LA ESPERANZA 2021,140000,79462,79122,92.574,73.93
PARTIDO APRISTA PERUANO,140000,46737,46537,92.574,73.93
PARTIDO POLÍTICO PERÚ PRIMERO,140000,27817,27698,92.574,73.93
PARTIDO DEMÓCRATA UNIDO PERÚ,140000,26964,26848,92.574,73.93
UN CAMINO DIFERENTE,140000,10574,10528,92.574,73.93
PARTIDO DEMÓCRATA VERDE,140000,15126,15061,92.574,73.93
PARTIDO MORADO,140000,30077,29948,92.574,73.93
UNIDAD NACIONAL,140000,31552,31417,92.574,73.93
PARTIDO POLÍTICO INTEGRIDAD DEMOCRÁTICA,140000,26181,26069,92.574,73.93
PROGRESEMOS,140000,19965,19879,92.574,73.93
PARTIDO POLÍTICO PERÚ ACCIÓN,140000,8262,8226,92.574,73.93
AVANZA PAÍS - PARTIDO DE INTEGRACIÓN SOCIAL,140000,10738,10692,92.574,73.93
PARTIDO DEMOCRATICO FEDERAL,140000,5926,5900,92.574,73.93
FUERZA Y LIBERTAD,140000,6949,6919,92.574,73.93
SALVEMOS AL PERÚ,140000,2975,2962,92.574,73.93
FE EN EL PERÚ,140000,5733,5708,92.574,73.93
LIBERTAD POPULAR,140000,13820,13761,92.574,73.93
PARTIDO POLÍTICO PRIN,140000,3927,3910,92.574,73.93
PARTIDO DE LOS TRABAJADORES Y EMPRENDEDORES PTE - PERÚ,140000,3192,3178,92.574,73.93
PERÚ MODERNO,140000,2929,2916,92.574,73.93
JUNTOS POR EL PERÚ,150000,23081,25028,77.456,46.64
FUERZA POPULAR,150000,78322,84931,77.456,46.64
PARTIDO CÍVICO OBRAS,150000,11869,12870,77.456,46.64
AHORA NACIÓN - AN,150000,12241,13273,77.456,46.64
PARTIDO DEL BUEN GOBIERNO,150000,10433,11313,77.456,46.64
RENOVACIÓN POPULAR,150000,19093,20704,77.456,46.64
PARTIDO PAÍS PARA TODOS,150000,33930,36793,77.456,46.64
ALIANZA PARA EL PROGRESO,150000,18877,20469,77.456,46.64
PARTIDO DEMOCRÁTICO SOMOS PERÚ,150000,18840,20429,77.456,46.64
"PRIMERO LA GENTE – COMUNIDAD, ECOLOGÍA, LIBERTAD Y PROGRESO",150000,5163,5598,77.456,46.64
PODEMOS PERÚ,150000,7064,7660,77.456,46.64
PARTIDO SICREO,150000,4604,4992,77.456,46.64
ALIANZA ELECTORAL VENCEREMOS,150000,1646,1784,77.456,46.64
PARTIDO PATRIÓTICO DEL PERÚ,150000,1635,1772,77.456,46.64
PARTIDO POLÍTICO COOPERACIÓN POPULAR,150000,1947,2111,77.456,46.64
PARTIDO POLÍTICO NACIONAL PERÚ LIBRE,150000,2093,2269,77.456,46.64
PARTIDO FRENTE DE LA ESPERANZA 2021,150000,2409,2612,77.456,46.64
PARTIDO APRISTA PERUANO,150000,2225,2412,77.456,46.64
PARTIDO POLÍTICO PERÚ PRIMERO,150000,7096,7694,77.456,46.64
PARTIDO DEMÓCRATA UNIDO PERÚ,150000,1048,1136,77.456,46.64
UN CAMINO DIFERENTE,150000,423,458,77.456,46.64
PARTIDO DEMÓCRATA VERDE,150000,1590,1724,77.456,46.64
PARTIDO MORADO,150000,1214,1316,77.456,46.64
UNIDAD NACIONAL,150000,759,823,77.456,46.64
PARTIDO POLÍTICO INTEGRIDAD DEMOCRÁTICA,150000,641,695,77.456,46.64
PROGRESEMOS,150000,1049,1137,77.456,46.64
PARTIDO POLÍTICO PERÚ ACCIÓN,150000,520,563,77.456,46.64
AVANZA PAÍS - PARTIDO DE INTEGRACIÓN SOCIAL,150000,476,516,77.456,46.64
PARTIDO DEMOCRATICO FEDERAL,150000,331,358,77.456,46.64
FUERZA Y LIBERTAD,150000,762,826,77.456,46.64
SALVEMOS AL PERÚ,150000,582,631,77.456,46.64
FE EN EL PERÚ,150000,587,636,77.456,46.64
LIBERTAD POPULAR,150000,813,881,77.456,46.64
PARTIDO POLÍTICO PRIN,150000,170,184,77.456,46.64
PARTIDO DE LOS TRABAJADORES Y EMPRENDEDORES PTE - PERÚ,150000,257,278,77.456,46.64
PERÚ MODERNO,150000,690,748,77.456,46.64
JUNTOS POR EL PERÚ,160000,13216,15024,75.937,54.427
FUERZA POPULAR,160000,8854,10065,75.937,54.427
PARTIDO CÍVICO OBRAS,160000,8905,10123,75.937,54.427
AHORA NACIÓN - AN,160000,5225,5939,75.937,54.427
PARTIDO DEL BUEN GOBIERNO,160000,3494,3972,75.937,54.427
RENOVACIÓN POPULAR,160000,2259,2568,75.937,54.427
PARTIDO PAÍS PARA TODOS,160000,4174,4745,75.937,54.427
ALIANZA PARA EL PROGRESO,160000,943,1072,75.937,54.427
PARTIDO DEMOCRÁTICO SOMOS PERÚ,160000,583,662,75.937,54.427
"PRIMERO LA GENTE – COMUNIDAD, ECOLOGÍA, LIBERTAD Y PROGRESO",160000,1501,1706,75.937,54.427
PODEMOS PERÚ,160000,1064,1209,75.937,54.427
PARTIDO SICREO,160000,2110,2398,75.937,54.427
ALIANZA ELECTORAL VENCEREMOS,160000,530,602,75.937,54.427
PARTIDO PATRIÓTICO DEL PERÚ,160000,816,927,75.937,54.427
PARTIDO POLÍTICO COOPERACIÓN POPULAR,160000,1337,1519,75.937,54.427
PARTIDO POLÍTICO NACIONAL PERÚ LIBRE,160000,744,845,75.937,54.427
PARTIDO FRENTE DE LA ESPERANZA 2021,160000,1988,2260,75.937,54.427
PARTIDO APRISTA PERUANO,160000,461,524,75.937,54.427
PARTIDO POLÍTICO PERÚ PRIMERO,160000,647,735,75.937,54.427
PARTIDO DEMÓCRATA UNIDO PERÚ,160000,719,817,75.937,54.427
UN CAMINO DIFERENTE,160000,133,151,75.937,54.427
PARTIDO DEMÓCRATA VERDE,160000,293,333,75.937,54.427
PARTIDO MORADO,160000,181,205,75.937,54.427
UNIDAD NACIONAL,160000,244,277,75.937,54.427
PARTIDO POLÍTICO INTEGRIDAD DEMOCRÁTICA,160000,155,176,75.937,54.427
PROGRESEMOS,160000,531,603,75.937,54.427
PARTIDO POLÍTICO PERÚ ACCIÓN,160000,147,167,75.937,54.427
AVANZA PAÍS - PARTIDO DE INTEGRACIÓN SOCIAL,160000,277,314,75.937,54.427
PARTIDO DEMOCRATICO FEDERAL,160000,92,104,75.937,54.427
FUERZA Y LIBERTAD,160000,107,121,75.937,54.427
SALVEMOS AL PERÚ,160000,80,90,75.937,54.427
FE EN EL PERÚ,160000,71,80,75.937,54.427
LIBERTAD POPULAR,160000,101,114,75.937,54.427
PARTIDO POLÍTICO PRIN,160000,31,35,75.937,54.427
PARTIDO DE LOS TRABAJADORES Y EMPRENDEDORES PTE - PERÚ,160000,44,50,75.937,54.427
PERÚ MODERNO,160000,72,81,75.937,54.427
JUNTOS POR EL PERÚ,170000,13912,13583,94.983,75.809
FUERZA POPULAR,170000,7154,6985,94.983,75.809
PARTIDO CÍVICO OBRAS,170000,13211,12899,94.983,75.809
AHORA NACIÓN - AN,170000,11452,11181,94.983,75.809
PARTIDO DEL BUEN GOBIERNO,170000,11316,11049,94.983,75.809
RENOVACIÓN POPULAR,170000,6313,6164,94.983,75.809
PARTIDO PAÍS PARA TODOS,170000,5854,5715,94.983,75.809
ALIANZA PARA EL PROGRESO,170000,579,565,94.983,75.809
PARTIDO DEMOCRÁTICO SOMOS PERÚ,170000,686,669,94.983,75.809
"PRIMERO LA GENTE – COMUNIDAD, ECOLOGÍA, LIBERTAD Y PROGRESO",170000,5547,5416,94.983,75.809
PODEMOS PERÚ,170000,1772,1730,94.983,75.809
PARTIDO SICREO,170000,4631,4521,94.983,75.809
ALIANZA ELECTORAL VENCEREMOS,170000,1514,1478,94.983,75.809
PARTIDO PATRIÓTICO DEL PERÚ,170000,1047,1022,94.983,75.809
PARTIDO POLÍTICO COOPERACIÓN POPULAR,170000,5045,4926,94.983,75.809
PARTIDO POLÍTICO NACIONAL PERÚ LIBRE,170000,934,911,94.983,75.809
PARTIDO FRENTE DE LA ESPERANZA 2021,170000,4672,4561,94.983,75.809
PARTIDO APRISTA PERUANO,170000,545,532,94.983,75.809
PARTIDO POLÍTICO PERÚ PRIMERO,170000,6804,6643,94.983,75.809
PARTIDO DEMÓCRATA UNIDO PERÚ,170000,1261,1231,94.983,75.809
UN CAMINO DIFERENTE,170000,317,309,94.983,75.809
PARTIDO DEMÓCRATA VERDE,170000,393,383,94.983,75.809
PARTIDO MORADO,170000,570,556,94.983,75.809
UNIDAD NACIONAL,170000,372,363,94.983,75.809
PARTIDO POLÍTICO INTEGRIDAD DEMOCRÁTICA,170000,301,293,94.983,75.809
PROGRESEMOS,170000,958,935,94.983,75.809
PARTIDO POLÍTICO PERÚ ACCIÓN,170000,210,205,94.983,75.809
AVANZA PAÍS - PARTIDO DE INTEGRACIÓN SOCIAL,170000,120,117,94.983,75.809
PARTIDO DEMOCRATICO FEDERAL,170000,197,192,94.983,75.809
FUERZA Y LIBERTAD,170000,159,155,94.983,75.809
SALVEMOS AL PERÚ,170000,110,107,94.983,75.809
FE EN EL PERÚ,170000,102,99,94.983,75.809
LIBERTAD POPULAR,170000,170,165,94.983,75.809
PARTIDO POLÍTICO PRIN,170000,132,128,94.983,75.809
PARTIDO DE LOS TRABAJADORES Y EMPRENDEDORES PTE - PERÚ,170000,86,83,94.983,75.809
PERÚ MODERNO,170000,110,107,94.983,75.809
JUNTOS POR EL PERÚ,180000,20214,19235,92.643,60.534
FUERZA POPULAR,180000,20159,19183,92.643,60.534
PARTIDO CÍVICO OBRAS,180000,12904,12279,92.643,60.534
AHORA NACIÓN - AN,180000,9603,9138,92.643,60.534
PARTIDO DEL BUEN GOBIERNO,180000,4806,4573,92.643,60.534
RENOVACIÓN POPULAR,180000,7008,6668,92.643,60.534
PARTIDO PAÍS PARA TODOS,180000,4376,4164,92.643,60.534
ALIANZA PARA EL PROGRESO,180000,1556,1480,92.643,60.534
PARTIDO DEMOCRÁTICO SOMOS PERÚ,180000,1723,1639,92.643,60.534
"PRIMERO LA GENTE – COMUNIDAD, ECOLOGÍA, LIBERTAD Y PROGRESO",180000,1940,1846,92.643,60.534
PODEMOS PERÚ,180000,4925,4686,92.643,60.534
PARTIDO SICREO,180000,3012,2866,92.643,60.534
ALIANZA ELECTORAL VENCEREMOS,180000,621,590,92.643,60.534
PARTIDO PATRIÓTICO DEL PERÚ,180000,1321,1257,92.643,60.534
PARTIDO POLÍTICO COOPERACIÓN POPULAR,180000,2122,2019,92.643,60.534
PARTIDO POLÍTICO NACIONAL PERÚ LIBRE,180000,924,879,92.643,60.534
PARTIDO FRENTE DE LA ESPERANZA 2021,180000,4632,4407,92.643,60.534
PARTIDO APRISTA PERUANO,180000,446,424,92.643,60.534
PARTIDO POLÍTICO PERÚ PRIMERO,180000,1026,976,92.643,60.534
PARTIDO DEMÓCRATA UNIDO PERÚ,180000,877,834,92.643,60.534
UN CAMINO DIFERENTE,180000,200,190,92.643,60.534
PARTIDO DEMÓCRATA VERDE,180000,561,533,92.643,60.534
PARTIDO MORADO,180000,467,444,92.643,60.534
UNIDAD NACIONAL,180000,170,161,92.643,60.534
PARTIDO POLÍTICO INTEGRIDAD DEMOCRÁTICA,180000,327,311,92.643,60.534
PROGRESEMOS,180000,286,272,92.643,60.534
PARTIDO POLÍTICO PERÚ ACCIÓN,180000,269,255,92.643,60.534
AVANZA PAÍS - PARTIDO DE INTEGRACIÓN SOCIAL,180000,112,106,92.643,60.534
PARTIDO DEMOCRATICO FEDERAL,180000,164,156,92.643,60.534
FUERZA Y LIBERTAD,180000,181,172,92.643,60.534
SALVEMOS AL PERÚ,180000,104,98,92.643,60.534
FE EN EL PERÚ,180000,176,167,92.643,60.534
LIBERTAD POPULAR,180000,204,194,92.643,60.534
PARTIDO POLÍTICO PRIN,180000,90,85,92.643,60.534
PARTIDO DE LOS TRABAJADORES Y EMPRENDEDORES PTE - PERÚ,180000,85,80,92.643,60.534
PERÚ MODERNO,180000,34,32,92.643,60.534
JUNTOS POR EL PERÚ,190000,72681,83320,76.046,57.262
FUERZA POPULAR,190000,185231,212347,76.046,57.262
PARTIDO CÍVICO OBRAS,190000,51058,58532,76.046,57.262
AHORA NACIÓN - AN,190000,32508,37266,76.046,57.262
PARTIDO DEL BUEN GOBIERNO,190000,62703,71882,76.046,57.262
RENOVACIÓN POPULAR,190000,48893,56050,76.046,57.262
PARTIDO PAÍS PARA TODOS,190000,71675,82167,76.046,57.262
ALIANZA PARA EL PROGRESO,190000,11660,13366,76.046,57.262
PARTIDO DEMOCRÁTICO SOMOS PERÚ,190000,5267,6038,76.046,57.262
"PRIMERO LA GENTE – COMUNIDAD, ECOLOGÍA, LIBERTAD Y PROGRESO",190000,23783,27264,76.046,57.262
PODEMOS PERÚ,190000,15173,17394,76.046,57.262
PARTIDO SICREO,190000,19184,21992,76.046,57.262
ALIANZA ELECTORAL VENCEREMOS,190000,5670,6500,76.046,57.262
PARTIDO PATRIÓTICO DEL PERÚ,190000,7566,8673,76.046,57.262
PARTIDO POLÍTICO COOPERACIÓN POPULAR,190000,3612,4140,76.046,57.262
PARTIDO POLÍTICO NACIONAL PERÚ LIBRE,190000,3229,3701,76.046,57.262
PARTIDO FRENTE DE LA ESPERANZA 2021,190000,8900,10202,76.046,57.262
PARTIDO APRISTA PERUANO,190000,8967,10279,76.046,57.262
PARTIDO POLÍTICO PERÚ PRIMERO,190000,12432,14251,76.046,57.262
PARTIDO DEMÓCRATA UNIDO PERÚ,190000,3297,3779,76.046,57.262
UN CAMINO DIFERENTE,190000,3515,4029,76.046,57.262
PARTIDO DEMÓCRATA VERDE,190000,2491,2855,76.046,57.262
PARTIDO MORADO,190000,2130,2441,76.046,57.262
UNIDAD NACIONAL,190000,2058,2359,76.046,57.262
PARTIDO POLÍTICO INTEGRIDAD DEMOCRÁTICA,190000,2959,3392,76.046,57.262
PROGRESEMOS,190000,2649,3036,76.046,57.262
PARTIDO POLÍTICO PERÚ ACCIÓN,190000,1470,1685,76.046,57.262
AVANZA PAÍS - PARTIDO DE INTEGRACIÓN SOCIAL,190000,927,1062,76.046,57.262
PARTIDO DEMOCRATICO FEDERAL,190000,953,1092,76.046,57.262
FUERZA Y LIBERTAD,190000,1091,1250,76.046,57.262
SALVEMOS AL PERÚ,190000,945,1083,76.046,57.262
FE EN EL PERÚ,190000,850,974,76.046,57.262
LIBERTAD POPULAR,190000,1308,1499,76.046,57.262
PARTIDO POLÍTICO PRIN,190000,629,721,76.046,57.262
PARTIDO DE LOS TRABAJADORES Y EMPRENDEDORES PTE - PERÚ,190000,423,484,76.046,57.262
PERÚ MODERNO,190000,272,311,76.046,57.262
JUNTOS POR EL PERÚ,200000,154332,149909,95.732,76.63
FUERZA POPULAR,200000,24339,23641,95.732,76.63
PARTIDO CÍVICO OBRAS,200000,110531,107363,95.732,76.63
AHORA NACIÓN - AN,200000,71523,69473,95.732,76.63
PARTIDO DEL BUEN GOBIERNO,200000,26055,25308,95.732,76.63
RENOVACIÓN POPULAR,200000,12059,11713,95.732,76.63
PARTIDO PAÍS PARA TODOS,200000,10264,9969,95.732,76.63
ALIANZA PARA EL PROGRESO,200000,3511,3410,95.732,76.63
PARTIDO DEMOCRÁTICO SOMOS PERÚ,200000,2206,2142,95.732,76.63
"PRIMERO LA GENTE – COMUNIDAD, ECOLOGÍA, LIBERTAD Y PROGRESO",200000,9511,9238,95.732,76.63
PODEMOS PERÚ,200000,5808,5641,95.732,76.63
PARTIDO SICREO,200000,19495,18936,95.732,76.63
ALIANZA ELECTORAL VENCEREMOS,200000,33029,32082,95.732,76.63
PARTIDO PATRIÓTICO DEL PERÚ,200000,5644,5482,95.732,76.63
PARTIDO POLÍTICO COOPERACIÓN POPULAR,200000,69517,67525,95.732,76.63
PARTIDO POLÍTICO NACIONAL PERÚ LIBRE,200000,5148,5000,95.732,76.63
PARTIDO FRENTE DE LA ESPERANZA 2021,200000,28432,27617,95.732,76.63
PARTIDO APRISTA PERUANO,200000,1231,1195,95.732,76.63
PARTIDO POLÍTICO PERÚ PRIMERO,200000,4078,3961,95.732,76.63
PARTIDO DEMÓCRATA UNIDO PERÚ,200000,10390,10092,95.732,76.63
UN CAMINO DIFERENTE,200000,778,755,95.732,76.63
PARTIDO DEMÓCRATA VERDE,200000,3322,3226,95.732,76.63
PARTIDO MORADO,200000,1997,1939,95.732,76.63
UNIDAD NACIONAL,200000,868,843,95.732,76.63
PARTIDO POLÍTICO INTEGRIDAD DEMOCRÁTICA,200000,695,675,95.732,76.63
PROGRESEMOS,200000,2913,2829,95.732,76.63
PARTIDO POLÍTICO PERÚ ACCIÓN,200000,1145,1112,95.732,76.63
AVANZA PAÍS - PARTIDO DE INTEGRACIÓN SOCIAL,200000,519,504,95.732,76.63
PARTIDO DEMOCRATICO FEDERAL,200000,961,933,95.732,76.63
FUERZA Y LIBERTAD,200000,738,716,95.732,76.63
SALVEMOS AL PERÚ,200000,715,694,95.732,76.63
FE EN EL PERÚ,200000,979,950,95.732,76.63
LIBERTAD POPULAR,200000,772,749,95.732,76.63
PARTIDO POLÍTICO PRIN,200000,646,627,95.732,76.63
PARTIDO DE LOS TRABAJADORES Y EMPRENDEDORES PTE - PERÚ,200000,494,479,95.732,76.63
PERÚ MODERNO,200000,254,246,95.732,76.63
JUNTOS POR EL PERÚ,210000,77134,81940,83.307,61.659
FUERZA POPULAR,210000,76894,81685,83.307,61.659
PARTIDO CÍVICO OBRAS,210000,36519,38794,83.307,61.659
AHORA NACIÓN - AN,210000,14232,15118,83.307,61.659
PARTIDO DEL BUEN GOBIERNO,210000,15113,16054,83.307,61.659
RENOVACIÓN POPULAR,210000,19435,20645,83.307,61.659
PARTIDO PAÍS PARA TODOS,210000,16298,17313,83.307,61.659
ALIANZA PARA EL PROGRESO,210000,7185,7632,83.307,61.659
PARTIDO DEMOCRÁTICO SOMOS PERÚ,210000,3760,3994,83.307,61.659
"PRIMERO LA GENTE – COMUNIDAD, ECOLOGÍA, LIBERTAD Y PROGRESO",210000,5569,5915,83.307,61.659
PODEMOS PERÚ,210000,6800,7223,83.307,61.659
PARTIDO SICREO,210000,6668,7083,83.307,61.659
ALIANZA ELECTORAL VENCEREMOS,210000,2826,3002,83.307,61.659
PARTIDO PATRIÓTICO DEL PERÚ,210000,3751,3984,83.307,61.659
PARTIDO POLÍTICO COOPERACIÓN POPULAR,210000,2106,2237,83.307,61.659
PARTIDO POLÍTICO NACIONAL PERÚ LIBRE,210000,2513,2669,83.307,61.659
PARTIDO FRENTE DE LA ESPERANZA 2021,210000,3092,3284,83.307,61.659
PARTIDO APRISTA PERUANO,210000,3602,3826,83.307,61.659
PARTIDO POLÍTICO PERÚ PRIMERO,210000,3482,3698,83.307,61.659
PARTIDO DEMÓCRATA UNIDO PERÚ,210000,3003,3190,83.307,61.659
UN CAMINO DIFERENTE,210000,1164,1236,83.307,61.659
PARTIDO DEMÓCRATA VERDE,210000,1698,1803,83.307,61.659
PARTIDO MORADO,210000,1414,1502,83.307,61.659
UNIDAD NACIONAL,210000,1636,1737,83.307,61.659
PARTIDO POLÍTICO INTEGRIDAD DEMOCRÁTICA,210000,1092,1160,83.307,61.659
PROGRESEMOS,210000,868,922,83.307,61.659
PARTIDO POLÍTICO PERÚ ACCIÓN,210000,865,918,83.307,61.659
AVANZA PAÍS - PARTIDO DE INTEGRACIÓN SOCIAL,210000,3646,3873,83.307,61.659
PARTIDO DEMOCRATICO FEDERAL,210000,555,589,83.307,61.659
FUERZA Y LIBERTAD,210000,471,500,83.307,61.659
SALVEMOS AL PERÚ,210000,493,523,83.307,61.659
FE EN EL PERÚ,210000,591,627,83.307,61.659
LIBERTAD POPULAR,210000,562,597,83.307,61.659
PARTIDO POLÍTICO PRIN,210000,743,789,83.307,61.659
PARTIDO DE LOS TRABAJADORES Y EMPRENDEDORES PTE - PERÚ,210000,252,267,83.307,61.659
PERÚ MODERNO,210000,154,163,83.307,61.659
JUNTOS POR EL PERÚ,220000,24961,24553,95.005,78.179
FUERZA POPULAR,220000,14417,14181,95.005,78.179
PARTIDO CÍVICO OBRAS,220000,30616,30116,95.005,78.179
AHORA NACIÓN - AN,220000,20907,20565,95.005,78.179
PARTIDO DEL BUEN GOBIERNO,220000,24099,23705,95.005,78.179
RENOVACIÓN POPULAR,220000,13051,12837,95.005,78.179
PARTIDO PAÍS PARA TODOS,220000,15357,15106,95.005,78.179
ALIANZA PARA EL PROGRESO,220000,1260,1239,95.005,78.179
PARTIDO DEMOCRÁTICO SOMOS PERÚ,220000,845,831,95.005,78.179
"PRIMERO LA GENTE – COMUNIDAD, ECOLOGÍA, LIBERTAD Y PROGRESO",220000,13931,13703,95.005,78.179
PODEMOS PERÚ,220000,2624,2581,95.005,78.179
PARTIDO SICREO,220000,10201,10034,95.005,78.179
ALIANZA ELECTORAL VENCEREMOS,220000,1290,1268,95.005,78.179
PARTIDO PATRIÓTICO DEL PERÚ,220000,1719,1690,95.005,78.179
PARTIDO POLÍTICO COOPERACIÓN POPULAR,220000,9180,9030,95.005,78.179
PARTIDO POLÍTICO NACIONAL PERÚ LIBRE,220000,1629,1602,95.005,78.179
PARTIDO FRENTE DE LA ESPERANZA 2021,220000,10835,10658,95.005,78.179
PARTIDO APRISTA PERUANO,220000,953,937,95.005,78.179
PARTIDO POLÍTICO PERÚ PRIMERO,220000,2535,2493,95.005,78.179
PARTIDO DEMÓCRATA UNIDO PERÚ,220000,2210,2173,95.005,78.179
UN CAMINO DIFERENTE,220000,482,474,95.005,78.179
PARTIDO DEMÓCRATA VERDE,220000,764,751,95.005,78.179
PARTIDO MORADO,220000,1193,1173,95.005,78.179
UNIDAD NACIONAL,220000,723,711,95.005,78.179
PARTIDO POLÍTICO INTEGRIDAD DEMOCRÁTICA,220000,666,655,95.005,78.179
PROGRESEMOS,220000,1033,1016,95.005,78.179
PARTIDO POLÍTICO PERÚ ACCIÓN,220000,458,450,95.005,78.179
AVANZA PAÍS - PARTIDO DE INTEGRACIÓN SOCIAL,220000,518,509,95.005,78.179
PARTIDO DEMOCRATICO FEDERAL,220000,263,258,95.005,78.179
FUERZA Y LIBERTAD,220000,300,295,95.005,78.179
SALVEMOS AL PERÚ,220000,137,134,95.005,78.179
FE EN EL PERÚ,220000,180,177,95.005,78.179
LIBERTAD POPULAR,220000,319,313,95.005,78.179
PARTIDO POLÍTICO PRIN,220000,83,81,95.005,78.179
PARTIDO DE LOS TRABAJADORES Y EMPRENDEDORES PTE - PERÚ,220000,122,120,95.005,78.179
PERÚ MODERNO,220000,82,80,95.005,78.179
JUNTOS POR EL PERÚ,230000,6916,6960,90.665,70.811
FUERZA POPULAR,230000,34177,34394,90.665,70.811
PARTIDO CÍVICO OBRAS,230000,4916,4947,90.665,70.811
AHORA NACIÓN - AN,230000,4990,5021,90.665,70.811
PARTIDO DEL BUEN GOBIERNO,230000,5596,5631,90.665,70.811
RENOVACIÓN POPULAR,230000,5956,5993,90.665,70.811
PARTIDO PAÍS PARA TODOS,230000,14964,15059,90.665,70.811
ALIANZA PARA EL PROGRESO,230000,2090,2103,90.665,70.811
PARTIDO DEMOCRÁTICO SOMOS PERÚ,230000,1612,1622,90.665,70.811
"PRIMERO LA GENTE – COMUNIDAD, ECOLOGÍA, LIBERTAD Y PROGRESO",230000,2810,2827,90.665,70.811
PODEMOS PERÚ,230000,4273,4300,90.665,70.811
PARTIDO SICREO,230000,2174,2187,90.665,70.811
ALIANZA ELECTORAL VENCEREMOS,230000,704,708,90.665,70.811
PARTIDO PATRIÓTICO DEL PERÚ,230000,844,849,90.665,70.811
PARTIDO POLÍTICO COOPERACIÓN POPULAR,230000,577,580,90.665,70.811
PARTIDO POLÍTICO NACIONAL PERÚ LIBRE,230000,626,629,90.665,70.811
PARTIDO FRENTE DE LA ESPERANZA 2021,230000,1047,1053,90.665,70.811
PARTIDO APRISTA PERUANO,230000,986,992,90.665,70.811
PARTIDO POLÍTICO PERÚ PRIMERO,230000,912,917,90.665,70.811
PARTIDO DEMÓCRATA UNIDO PERÚ,230000,202,203,90.665,70.811
UN CAMINO DIFERENTE,230000,360,362,90.665,70.811
PARTIDO DEMÓCRATA VERDE,230000,366,368,90.665,70.811
PARTIDO MORADO,230000,361,363,90.665,70.811
UNIDAD NACIONAL,230000,428,430,90.665,70.811
PARTIDO POLÍTICO INTEGRIDAD DEMOCRÁTICA,230000,651,655,90.665,70.811
PROGRESEMOS,230000,144,144,90.665,70.811
PARTIDO POLÍTICO PERÚ ACCIÓN,230000,163,164,90.665,70.811
AVANZA PAÍS - PARTIDO DE INTEGRACIÓN SOCIAL,230000,100,100,90.665,70.811
PARTIDO DEMOCRATICO FEDERAL,230000,86,86,90.665,70.811
FUERZA Y LIBERTAD,230000,140,140,90.665,70.811
SALVEMOS AL PERÚ,230000,98,98,90.665,70.811
FE EN EL PERÚ,230000,819,824,90.665,70.811
LIBERTAD POPULAR,230000,370,372,90.665,70.811
PARTIDO POLÍTICO PRIN,230000,55,55,90.665,70.811
PARTIDO DE LOS TRABAJADORES Y EMPRENDEDORES PTE - PERÚ,230000,80,80,90.665,70.811
PERÚ MODERNO,230000,47,47,90.665,70.811
JUNTOS POR EL PERÚ,240000,16511,16026,95.066,74.26
FUERZA POPULAR,240000,113796,110458,95.066,74.26
PARTIDO CÍVICO OBRAS,240000,44814,43499,95.066,74.26
AHORA NACIÓN - AN,240000,32745,31784,95.066,74.26
PARTIDO DEL BUEN GOBIERNO,240000,82812,80383,95.066,74.26
RENOVACIÓN POPULAR,240000,82672,80247,95.066,74.26
PARTIDO PAÍS PARA TODOS,240000,66698,64741,95.066,74.26
ALIANZA PARA EL PROGRESO,240000,3308,3210,95.066,74.26
PARTIDO DEMOCRÁTICO SOMOS PERÚ,240000,4115,3994,95.066,74.26
"PRIMERO LA GENTE – COMUNIDAD, ECOLOGÍA, LIBERTAD Y PROGRESO",240000,25437,24691,95.066,74.26
PODEMOS PERÚ,240000,4728,4589,95.066,74.26
PARTIDO SICREO,240000,22253,21600,95.066,74.26
ALIANZA ELECTORAL VENCEREMOS,240000,1943,1886,95.066,74.26
PARTIDO PATRIÓTICO DEL PERÚ,240000,4270,4144,95.066,74.26
PARTIDO POLÍTICO COOPERACIÓN POPULAR,240000,2987,2899,95.066,74.26
PARTIDO POLÍTICO NACIONAL PERÚ LIBRE,240000,1381,1340,95.066,74.26
PARTIDO FRENTE DE LA ESPERANZA 2021,240000,7314,7099,95.066,74.26
PARTIDO APRISTA PERUANO,240000,5703,5535,95.066,74.26
PARTIDO POLÍTICO PERÚ PRIMERO,240000,2745,2664,95.066,74.26
PARTIDO DEMÓCRATA UNIDO PERÚ,240000,2327,2258,95.066,74.26
UN CAMINO DIFERENTE,240000,1178,1143,95.066,74.26
PARTIDO DEMÓCRATA VERDE,240000,1639,1590,95.066,74.26
PARTIDO MORADO,240000,3119,3027,95.066,74.26
UNIDAD NACIONAL,240000,4173,4050,95.066,74.26
PARTIDO POLÍTICO INTEGRIDAD DEMOCRÁTICA,240000,2931,2845,95.066,74.26
PROGRESEMOS,240000,1921,1864,95.066,74.26
PARTIDO POLÍTICO PERÚ ACCIÓN,240000,988,959,95.066,74.26
AVANZA PAÍS - PARTIDO DE INTEGRACIÓN SOCIAL,240000,1671,1621,95.066,74.26
PARTIDO DEMOCRATICO FEDERAL,240000,389,377,95.066,74.26
FUERZA Y LIBERTAD,240000,741,719,95.066,74.26
SALVEMOS AL PERÚ,240000,338,328,95.066,74.26
FE EN EL PERÚ,240000,508,493,95.066,74.26
LIBERTAD POPULAR,240000,1491,1447,95.066,74.26
PARTIDO POLÍTICO PRIN,240000,408,396,95.066,74.26
PARTIDO DE LOS TRABAJADORES Y EMPRENDEDORES PTE - PERÚ,240000,451,437,95.066,74.26
PERÚ MODERNO,240000,261,253,95.066,74.26
JUNTOS POR EL PERÚ,250000,22269,23192,83.184,55.441
FUERZA POPULAR,250000,56406,58744,83.184,55.441
PARTIDO CÍVICO OBRAS,250000,15555,16199,83.184,55.441
AHORA NACIÓN - AN,250000,7449,7757,83.184,55.441
PARTIDO DEL BUEN GOBIERNO,250000,8460,8810,83.184,55.441
RENOVACIÓN POPULAR,250000,10833,11282,83.184,55.441
PARTIDO PAÍS PARA TODOS,250000,20174,21010,83.184,55.441
ALIANZA PARA EL PROGRESO,250000,2022,2105,83.184,55.441
PARTIDO DEMOCRÁTICO SOMOS PERÚ,250000,3845,4004,83.184,55.441
"PRIMERO LA GENTE – COMUNIDAD, ECOLOGÍA, LIBERTAD Y PROGRESO",250000,4384,4565,83.184,55.441
PODEMOS PERÚ,250000,6471,6739,83.184,55.441
PARTIDO SICREO,250000,4505,4691,83.184,55.441
ALIANZA ELECTORAL VENCEREMOS,250000,1407,1465,83.184,55.441
PARTIDO PATRIÓTICO DEL PERÚ,250000,2571,2677,83.184,55.441
PARTIDO POLÍTICO COOPERACIÓN POPULAR,250000,1522,1585,83.184,55.441
PARTIDO POLÍTICO NACIONAL PERÚ LIBRE,250000,1622,1689,83.184,55.441
PARTIDO FRENTE DE LA ESPERANZA 2021,250000,2812,2928,83.184,55.441
PARTIDO APRISTA PERUANO,250000,1335,1390,83.184,55.441
PARTIDO POLÍTICO PERÚ PRIMERO,250000,3353,3491,83.184,55.441
PARTIDO DEMÓCRATA UNIDO PERÚ,250000,2224,2316,83.184,55.441
UN CAMINO DIFERENTE,250000,433,450,83.184,55.441
PARTIDO DEMÓCRATA VERDE,250000,936,974,83.184,55.441
PARTIDO MORADO,250000,754,785,83.184,55.441
UNIDAD NACIONAL,250000,500,520,83.184,55.441
PARTIDO POLÍTICO INTEGRIDAD DEMOCRÁTICA,250000,847,882,83.184,55.441
PROGRESEMOS,250000,1616,1682,83.184,55.441
PARTIDO POLÍTICO PERÚ ACCIÓN,250000,608,633,83.184,55.441
AVANZA PAÍS - PARTIDO DE INTEGRACIÓN SOCIAL,250000,424,441,83.184,55.441
PARTIDO DEMOCRATICO FEDERAL,250000,226,235,83.184,55.441
FUERZA Y LIBERTAD,250000,433,450,83.184,55.441
SALVEMOS AL PERÚ,250000,278,289,83.184,55.441
FE EN EL PERÚ,250000,401,417,83.184,55.441
LIBERTAD POPULAR,250000,388,404,83.184,55.441
PARTIDO POLÍTICO PRIN,250000,188,195,83.184,55.441
PARTIDO DE LOS TRABAJADORES Y EMPRENDEDORES PTE - PERÚ,250000,166,172,83.184,55.441
PERÚ MODERNO,250000,154,160,83.184,55.441
JUNTOS POR EL PERÚ,region_91,0,0,66.667,15.113
FUERZA POPULAR,region_91,2,2,66.667,15.113
PARTIDO CÍVICO OBRAS,region_91,4,4,66.667,15.113
AHORA NACIÓN - AN,region_91,2,2,66.667,15.113
PARTIDO DEL BUEN GOBIERNO,region_91,6,6,66.667,15.113
RENOVACIÓN POPULAR,region_91,24,26,66.667,15.113
PARTIDO PAÍS PARA TODOS,region_91,6,6,66.667,15.113
ALIANZA PARA EL PROGRESO,region_91,0,0,66.667,15.113
PARTIDO DEMOCRÁTICO SOMOS PERÚ,region_91,0,0,66.667,15.113
"PRIMERO LA GENTE – COMUNIDAD, ECOLOGÍA, LIBERTAD Y PROGRESO",region_91,1,1,66.667,15.113
PODEMOS PERÚ,region_91,0,0,66.667,15.113
PARTIDO SICREO,region_91,0,0,66.667,15.113
ALIANZA ELECTORAL VENCEREMOS,region_91,0,0,66.667,15.113
PARTIDO PATRIÓTICO DEL PERÚ,region_91,0,0,66.667,15.113
PARTIDO POLÍTICO COOPERACIÓN POPULAR,region_91,0,0,66.667,15.113
PARTIDO POLÍTICO NACIONAL PERÚ LIBRE,region_91,1,1,66.667,15.113
PARTIDO FRENTE DE LA ESPERANZA 2021,region_91,1,1,66.667,15.113
PARTIDO APRISTA PERUANO,region_91,0,0,66.667,15.113
PARTIDO POLÍTICO PERÚ PRIMERO,region_91,4,4,66.667,15.113
PARTIDO DEMÓCRATA UNIDO PERÚ,region_91,0,0,66.667,15.113
UN CAMINO DIFERENTE,region_91,0,0,66.667,15.113
PARTIDO DEMÓCRATA VERDE,region_91,0,0,66.667,15.113
PARTIDO MORADO,region_91,1,1,66.667,15.113
UNIDAD NACIONAL,region_91,1,1,66.667,15.113
PARTIDO POLÍTICO INTEGRIDAD DEMOCRÁTICA,region_91,0,0,66.667,15.113
PROGRESEMOS,region_91,0,0,66.667,15.113
PARTIDO POLÍTICO PERÚ ACCIÓN,region_91,0,0,66.667,15.113
AVANZA PAÍS - PARTIDO DE INTEGRACIÓN SOCIAL,region_91,0,0,66.667,15.113
PARTIDO DEMOCRATICO FEDERAL,region_91,0,0,66.667,15.113
FUERZA Y LIBERTAD,region_91,1,1,66.667,15.113
SALVEMOS AL PERÚ,region_91,0,0,66.667,15.113
FE EN EL PERÚ,region_91,0,0,66.667,15.113
LIBERTAD POPULAR,region_91,0,0,66.667,15.113
PARTIDO POLÍTICO PRIN,region_91,0,0,66.667,15.113
PARTIDO DE LOS TRABAJADORES Y EMPRENDEDORES PTE - PERÚ,region_91,0,0,66.667,15.113
PERÚ MODERNO,region_91,0,0,66.667,15.113
JUNTOS POR EL PERÚ,region_92,1731,3271,38.79,11.021
FUERZA POPULAR,region_92,10359,19576,38.79,11.021
PARTIDO CÍVICO OBRAS,region_92,5178,9785,38.79,11.021
AHORA NACIÓN - AN,region_92,3677,6948,38.79,11.021
PARTIDO DEL BUEN GOBIERNO,region_92,5716,10802,38.79,11.021
RENOVACIÓN POPULAR,region_92,21098,39871,38.79,11.021
PARTIDO PAÍS PARA TODOS,region_92,5859,11072,38.79,11.021
ALIANZA PARA EL PROGRESO,region_92,247,466,38.79,11.021
PARTIDO DEMOCRÁTICO SOMOS PERÚ,region_92,319,602,38.79,11.021
"PRIMERO LA GENTE – COMUNIDAD, ECOLOGÍA, LIBERTAD Y PROGRESO",region_92,1985,3751,38.79,11.021
PODEMOS PERÚ,region_92,219,413,38.79,11.021
PARTIDO SICREO,region_92,666,1258,38.79,11.021
ALIANZA ELECTORAL VENCEREMOS,region_92,380,718,38.79,11.021
PARTIDO PATRIÓTICO DEL PERÚ,region_92,324,612,38.79,11.021
PARTIDO POLÍTICO COOPERACIÓN POPULAR,region_92,371,701,38.79,11.021
PARTIDO POLÍTICO NACIONAL PERÚ LIBRE,region_92,267,504,38.79,11.021
PARTIDO FRENTE DE LA ESPERANZA 2021,region_92,703,1328,38.79,11.021
PARTIDO APRISTA PERUANO,region_92,695,1313,38.79,11.021
PARTIDO POLÍTICO PERÚ PRIMERO,region_92,101,190,38.79,11.021
PARTIDO DEMÓCRATA UNIDO PERÚ,region_92,263,497,38.79,11.021
UN CAMINO DIFERENTE,region_92,606,1145,38.79,11.021
PARTIDO DEMÓCRATA VERDE,region_92,210,396,38.79,11.021
PARTIDO MORADO,region_92,273,515,38.79,11.021
UNIDAD NACIONAL,region_92,390,737,38.79,11.021
PARTIDO POLÍTICO INTEGRIDAD DEMOCRÁTICA,region_92,198,374,38.79,11.021
PROGRESEMOS,region_92,125,236,38.79,11.021
PARTIDO POLÍTICO PERÚ ACCIÓN,region_92,134,253,38.79,11.021
AVANZA PAÍS - PARTIDO DE INTEGRACIÓN SOCIAL,region_92,89,168,38.79,11.021
PARTIDO DEMOCRATICO FEDERAL,region_92,31,58,38.79,11.021
FUERZA Y LIBERTAD,region_92,111,209,38.79,11.021
SALVEMOS AL PERÚ,region_92,40,75,38.79,11.021
FE EN EL PERÚ,region_92,48,90,38.79,11.021
LIBERTAD POPULAR,region_92,185,349,38.79,11.021
PARTIDO POLÍTICO PRIN,region_92,47,88,38.79,11.021
PARTIDO DE LOS TRABAJADORES Y EMPRENDEDORES PTE - PERÚ,region_92,39,73,38.79,11.021
PERÚ MODERNO,region_92,50,94,38.79,11.021
JUNTOS POR EL PERÚ,region_93,20,35,41.121,11.965
FUERZA POPULAR,region_93,1521,2721,41.121,11.965
PARTIDO CÍVICO OBRAS,region_93,123,220,41.121,11.965
AHORA NACIÓN - AN,region_93,129,230,41.121,11.965
PARTIDO DEL BUEN GOBIERNO,region_93,172,307,41.121,11.965
RENOVACIÓN POPULAR,region_93,1450,2594,41.121,11.965
PARTIDO PAÍS PARA TODOS,region_93,230,411,41.121,11.965
ALIANZA PARA EL PROGRESO,region_93,4,7,41.121,11.965
PARTIDO DEMOCRÁTICO SOMOS PERÚ,region_93,6,10,41.121,11.965
"PRIMERO LA GENTE – COMUNIDAD, ECOLOGÍA, LIBERTAD Y PROGRESO",region_93,109,195,41.121,11.965
PODEMOS PERÚ,region_93,4,7,41.121,11.965
PARTIDO SICREO,region_93,39,69,41.121,11.965
ALIANZA ELECTORAL VENCEREMOS,region_93,11,19,41.121,11.965
PARTIDO PATRIÓTICO DEL PERÚ,region_93,8,14,41.121,11.965
PARTIDO POLÍTICO COOPERACIÓN POPULAR,region_93,4,7,41.121,11.965
PARTIDO POLÍTICO NACIONAL PERÚ LIBRE,region_93,5,8,41.121,11.965
PARTIDO FRENTE DE LA ESPERANZA 2021,region_93,24,42,41.121,11.965
PARTIDO APRISTA PERUANO,region_93,41,73,41.121,11.965
PARTIDO POLÍTICO PERÚ PRIMERO,region_93,3,5,41.121,11.965
PARTIDO DEMÓCRATA UNIDO PERÚ,region_93,8,14,41.121,11.965
UN CAMINO DIFERENTE,region_93,12,21,41.121,11.965
PARTIDO DEMÓCRATA VERDE,region_93,4,7,41.121,11.965
PARTIDO MORADO,region_93,10,17,41.121,11.965
UNIDAD NACIONAL,region_93,38,68,41.121,11.965
PARTIDO POLÍTICO INTEGRIDAD DEMOCRÁTICA,region_93,7,12,41.121,11.965
PROGRESEMOS,region_93,4,7,41.121,11.965
PARTIDO POLÍTICO PERÚ ACCIÓN,region_93,2,3,41.121,11.965
AVANZA PAÍS - PARTIDO DE INTEGRACIÓN SOCIAL,region_93,8,14,41.121,11.965
PARTIDO DEMOCRATICO FEDERAL,region_93,4,7,41.121,11.965
FUERZA Y LIBERTAD,region_93,6,10,41.121,11.965
SALVEMOS AL PERÚ,region_93,1,1,41.121,11.965
FE EN EL PERÚ,region_93,0,0,41.121,11.965
LIBERTAD POPULAR,region_93,8,14,41.121,11.965
PARTIDO POLÍTICO PRIN,region_93,2,3,41.121,11.965
PARTIDO DE LOS TRABAJADORES Y EMPRENDEDORES PTE - PERÚ,region_93,2,3,41.121,11.965
PERÚ MODERNO,region_93,1,1,41.121,11.965
JUNTOS POR EL PERÚ,region_94,932,2001,34.446,13.281
FUERZA POPULAR,region_94,5744,12337,34.446,13.281
PARTIDO CÍVICO OBRAS,region_94,4649,9985,34.446,13.281
AHORA NACIÓN - AN,region_94,3857,8284,34.446,13.281
PARTIDO DEL BUEN GOBIERNO,region_94,6065,13026,34.446,13.281
RENOVACIÓN POPULAR,region_94,9509,20423,34.446,13.281
PARTIDO PAÍS PARA TODOS,region_94,5639,12111,34.446,13.281
ALIANZA PARA EL PROGRESO,region_94,154,330,34.446,13.281
PARTIDO DEMOCRÁTICO SOMOS PERÚ,region_94,280,601,34.446,13.281
"PRIMERO LA GENTE – COMUNIDAD, ECOLOGÍA, LIBERTAD Y PROGRESO",region_94,2177,4675,34.446,13.281
PODEMOS PERÚ,region_94,118,253,34.446,13.281
PARTIDO SICREO,region_94,612,1314,34.446,13.281
ALIANZA ELECTORAL VENCEREMOS,region_94,278,597,34.446,13.281
PARTIDO PATRIÓTICO DEL PERÚ,region_94,205,440,34.446,13.281
PARTIDO POLÍTICO COOPERACIÓN POPULAR,region_94,190,408,34.446,13.281
PARTIDO POLÍTICO NACIONAL PERÚ LIBRE,region_94,189,405,34.446,13.281
PARTIDO FRENTE DE LA ESPERANZA 2021,region_94,556,1194,34.446,13.281
PARTIDO APRISTA PERUANO,region_94,414,889,34.446,13.281
PARTIDO POLÍTICO PERÚ PRIMERO,region_94,77,165,34.446,13.281
PARTIDO DEMÓCRATA UNIDO PERÚ,region_94,206,442,34.446,13.281
UN CAMINO DIFERENTE,region_94,359,771,34.446,13.281
PARTIDO DEMÓCRATA VERDE,region_94,140,300,34.446,13.281
PARTIDO MORADO,region_94,261,560,34.446,13.281
UNIDAD NACIONAL,region_94,287,616,34.446,13.281
PARTIDO POLÍTICO INTEGRIDAD DEMOCRÁTICA,region_94,130,279,34.446,13.281
PROGRESEMOS,region_94,80,171,34.446,13.281
PARTIDO POLÍTICO PERÚ ACCIÓN,region_94,109,234,34.446,13.281
AVANZA PAÍS - PARTIDO DE INTEGRACIÓN SOCIAL,region_94,65,139,34.446,13.281
PARTIDO DEMOCRATICO FEDERAL,region_94,24,51,34.446,13.281
FUERZA Y LIBERTAD,region_94,71,152,34.446,13.281
SALVEMOS AL PERÚ,region_94,25,53,34.446,13.281
FE EN EL PERÚ,region_94,45,96,34.446,13.281
LIBERTAD POPULAR,region_94,123,264,34.446,13.281
PARTIDO POLÍTICO PRIN,region_94,42,90,34.446,13.281
PARTIDO DE LOS TRABAJADORES Y EMPRENDEDORES PTE - PERÚ,region_94,33,70,34.446,13.281
PERÚ MODERNO,region_94,33,70,34.446,13.281
JUNTOS POR EL PERÚ,region_95,1,4,14.286,3.17
FUERZA POPULAR,region_95,12,59,14.286,3.17
PARTIDO CÍVICO OBRAS,region_95,11,54,14.286,3.17
AHORA NACIÓN - AN,region_95,11,54,14.286,3.17
PARTIDO DEL BUEN GOBIERNO,region_95,42,208,14.286,3.17
RENOVACIÓN POPULAR,region_95,99,491,14.286,3.17
PARTIDO PAÍS PARA TODOS,region_95,12,59,14.286,3.17
ALIANZA PARA EL PROGRESO,region_95,1,4,14.286,3.17
PARTIDO DEMOCRÁTICO SOMOS PERÚ,region_95,1,4,14.286,3.17
"PRIMERO LA GENTE – COMUNIDAD, ECOLOGÍA, LIBERTAD Y PROGRESO",region_95,19,94,14.286,3.17
PODEMOS PERÚ,region_95,0,0,14.286,3.17
PARTIDO SICREO,region_95,1,4,14.286,3.17
ALIANZA ELECTORAL VENCEREMOS,region_95,1,4,14.286,3.17
PARTIDO PATRIÓTICO DEL PERÚ,region_95,0,0,14.286,3.17
PARTIDO POLÍTICO COOPERACIÓN POPULAR,region_95,0,0,14.286,3.17
PARTIDO POLÍTICO NACIONAL PERÚ LIBRE,region_95,1,4,14.286,3.17
PARTIDO FRENTE DE LA ESPERANZA 2021,region_95,3,14,14.286,3.17
PARTIDO APRISTA PERUANO,region_95,4,19,14.286,3.17
PARTIDO POLÍTICO PERÚ PRIMERO,region_95,1,4,14.286,3.17
PARTIDO DEMÓCRATA UNIDO PERÚ,region_95,0,0,14.286,3.17
UN CAMINO DIFERENTE,region_95,0,0,14.286,3.17
PARTIDO DEMÓCRATA VERDE,region_95,0,0,14.286,3.17
PARTIDO MORADO,region_95,2,9,14.286,3.17
UNIDAD NACIONAL,region_95,2,9,14.286,3.17
PARTIDO POLÍTICO INTEGRIDAD DEMOCRÁTICA,region_95,0,0,14.286,3.17
PROGRESEMOS,region_95,1,4,14.286,3.17
PARTIDO POLÍTICO PERÚ ACCIÓN,region_95,0,0,14.286,3.17
AVANZA PAÍS - PARTIDO DE INTEGRACIÓN SOCIAL,region_95,1,4,14.286,3.17
PARTIDO DEMOCRATICO FEDERAL,region_95,0,0,14.286,3.17
FUERZA Y LIBERTAD,region_95,1,4,14.286,3.17
SALVEMOS AL PERÚ,region_95,0,0,14.286,3.17
FE EN EL PERÚ,region_95,0,0,14.286,3.17
LIBERTAD POPULAR,region_95,2,9,14.286,3.17
PARTIDO POLÍTICO PRIN,region_95,0,0,14.286,3.17
PARTIDO DE LOS TRABAJADORES Y EMPRENDEDORES PTE - PERÚ,region_95,0,0,14.286,3.17
PERÚ MODERNO,region_95,0,0,14.286,3.17
